timestamp,simple-path,time
2021-08-25 13:00:49.786,/master/welcome,657
2021-08-25 13:00:50.472,/master/welcome,472
2021-08-25 13:00:51.409,/master/sign-in,612
2021-08-25 13:00:52.726,/master/welcome,599
2021-08-25 13:01:03.701,/master/welcome,312
2021-08-25 13:01:04.405,/master/welcome,591
2021-08-25 13:01:04.929,/master/welcome,313
2021-08-25 13:01:05.74,/anonymous/shout/list,594
2021-08-25 13:01:06.613,/master/welcome,313
2021-08-25 13:01:08.476,/anonymous/shout/list,1691
2021-08-25 13:01:09.315,/master/welcome,297
2021-08-25 13:01:10.127,/anonymous/shout/list,595
2021-08-25 13:01:10.945,/master/welcome,301
2021-08-25 13:01:11.789,/anonymous/shout/list,638
2021-08-25 13:01:12.605,/master/welcome,296
2021-08-25 13:01:13.415,/anonymous/shout/list,603
2021-08-25 13:01:14.21,/master/welcome,282
2021-08-25 13:01:14.973,/anonymous/shout/list,592
2021-08-25 13:01:15.537,/master/welcome,282
2021-08-25 13:01:16.304,/anonymous/shout/list,588
2021-08-25 13:01:17.185,/master/welcome,278
2021-08-25 13:01:17.963,/anonymous/shout/list,591
2021-08-25 13:01:18.521,/master/welcome,279
2021-08-25 13:01:19.288,/anonymous/shout/list,595
2021-08-25 13:01:19.964,/master/welcome,392
2021-08-25 13:01:20.77,/anonymous/shout/list,603
2021-08-25 13:01:21.403,/master/welcome,331
2021-08-25 13:01:22.197,/anonymous/shout/list,595
2021-08-25 13:01:22.776,/master/welcome,299
2021-08-25 13:01:23.534,/anonymous/shout/list,585
2021-08-25 13:01:24.13,/master/welcome,314
2021-08-25 13:01:24.885,/anonymous/shout/list,585
2021-08-25 13:01:25.589,/master/welcome,314
2021-08-25 13:01:26.376,/anonymous/shout/list,600
2021-08-25 13:01:37.507,/master/welcome,595
2021-08-25 13:01:38.302,/master/welcome,746
2021-08-25 13:01:39.666,/master/sign-in,1241
2021-08-25 13:01:40.967,/master/welcome,593
2021-08-25 13:01:50.414,/master/welcome,404
2021-08-25 13:01:51.145,/master/welcome,605
2021-08-25 13:02:07.105,/master/welcome,408
2021-08-25 13:02:07.5,/master/welcome,335
2021-08-25 13:02:08.477,/master/sign-in,599
2021-08-25 13:02:09.823,/master/welcome,590
2021-08-25 13:02:19.421,/master/welcome,326
2021-08-25 13:02:20.13,/master/welcome,588
2021-08-25 13:02:21.292,/master/welcome,495
2021-08-25 13:02:22.182,/master/welcome,354
2021-08-25 13:02:22.512,/master/welcome,301
